condition,n,success,failed,mean_collapse_rate,median_collapse_rate,sd_collapse_rate,mean_attempts,max_attempts
HETERO_ROT,180,180,0,0.25013888888888886,0.1375,0.28079125825046003,5.122222222222222,10
HOMO_A,180,180,0,0.4568055555555555,0.475,0.3106090629217631,4.477777777777778,10
HOMO_B,180,180,0,0.7726388888888889,0.85,0.21028580455838058,2.8,4
HOMO_C,180,180,0,0.14055555555555557,0.025,0.20776849355371532,3.422222222222222,5
